<?xml version="1.0" encoding="UTF-8"?>

<!-- generated on 2025-03-19 17:32:34 by Eclipse SUMO sumo Version 1.21.0
<sumoConfiguration xmlns:xsi="http://www.w3.org/2001/XMLSchema-instance" xsi:noNamespaceSchemaLocation="http://sumo.dlr.de/xsd/sumoConfiguration.xsd">

    <input>
        <net-file value="Network.net.xml"/>
        <route-files value="Demand.rou.xml"/>
        <additional-files value="Temp_Sensors.add.xml"/>
    </input>

    <output>
        <emission-output value="logs/Emissions_NoControl.xml"/>
        <summary-output value="logs/Log_summary_NoControl.xml"/>
        <summary-output.period value="300"/>
        <tripinfo-output value="logs/TripInfos_NoControl.xml"/>
    </output>

    <time>
        <begin value="0"/>
        <end value="10800"/>
        <step-length value="1"/>
    </time>

    <processing>
        <time-to-teleport value="-1"/>
    </processing>

    <report>
        <verbose value="true"/>
        <no-step-log value="true"/>
    </report>

    <emissions>
        <device.emissions.period value="10"/>
    </emissions>

    <traci_server>
        <remote-port value="60893"/>
    </traci_server>

    <gui_only>
        <quit-on-end value="true"/>
        <start value="true"/>
    </gui_only>

</sumoConfiguration>
-->

<summary xmlns:xsi="http://www.w3.org/2001/XMLSchema-instance" xsi:noNamespaceSchemaLocation="http://sumo.dlr.de/xsd/summary_file.xsd">
    <step time="0.00" loaded="11" inserted="4" running="4" waiting="7" ended="0" arrived="0" collisions="0" teleports="0" halting="4" stopped="0" meanWaitingTime="0.00" meanTravelTime="-1.00" meanSpeed="0.00" meanSpeedRelative="0.00" duration="1"/>
    <step time="300.00" loaded="2999" inserted="479" running="322" waiting="2520" ended="157" arrived="157" collisions="0" teleports="0" halting="2" stopped="0" meanWaitingTime="66.82" meanTravelTime="114.50" meanSpeed="11.32" meanSpeedRelative="0.53" duration="4"/>
    <step time="600.00" loaded="5942" inserted="888" running="454" waiting="5054" ended="434" arrived="434" collisions="0" teleports="0" halting="4" stopped="0" meanWaitingTime="147.26" meanTravelTime="187.23" meanSpeed="8.67" meanSpeedRelative="0.40" duration="12"/>
    <step time="900.00" loaded="9280" inserted="1276" running="540" waiting="8004" ended="736" arrived="736" collisions="0" teleports="0" halting="5" stopped="0" meanWaitingTime="234.88" meanTravelTime="252.74" meanSpeed="6.90" meanSpeedRelative="0.32" duration="7"/>
    <step time="1200.00" loaded="12524" inserted="1655" running="624" waiting="10869" ended="1031" arrived="1031" collisions="0" teleports="0" halting="1" stopped="0" meanWaitingTime="330.99" meanTravelTime="304.36" meanSpeed="5.89" meanSpeedRelative="0.27" duration="15"/>
    <step time="1500.00" loaded="16088" inserted="2003" running="691" waiting="14085" ended="1312" arrived="1312" collisions="0" teleports="0" halting="2" stopped="0" meanWaitingTime="424.52" meanTravelTime="341.90" meanSpeed="4.89" meanSpeedRelative="0.23" duration="10"/>
    <step time="1800.00" loaded="19581" inserted="2338" running="739" waiting="17243" ended="1599" arrived="1599" collisions="0" teleports="0" halting="5" stopped="0" meanWaitingTime="514.94" meanTravelTime="382.20" meanSpeed="4.79" meanSpeedRelative="0.22" duration="17"/>
    <step time="2100.00" loaded="23409" inserted="2639" running="752" waiting="20770" ended="1887" arrived="1887" collisions="0" teleports="0" halting="3" stopped="0" meanWaitingTime="598.35" meanTravelTime="419.05" meanSpeed="4.47" meanSpeedRelative="0.21" duration="12"/>
    <step time="2400.00" loaded="27234" inserted="2925" running="761" waiting="24309" ended="2164" arrived="2164" collisions="0" teleports="0" halting="4" stopped="0" meanWaitingTime="683.57" meanTravelTime="453.61" meanSpeed="4.44" meanSpeedRelative="0.20" duration="18"/>
    <step time="2700.00" loaded="31360" inserted="3213" running="760" waiting="28147" ended="2453" arrived="2453" collisions="0" teleports="0" halting="3" stopped="0" meanWaitingTime="770.22" meanTravelTime="484.42" meanSpeed="4.59" meanSpeedRelative="0.21" duration="13"/>
    <step time="3000.00" loaded="35569" inserted="3511" running="762" waiting="32058" ended="2749" arrived="2749" collisions="0" teleports="0" halting="4" stopped="0" meanWaitingTime="864.46" meanTravelTime="513.93" meanSpeed="4.55" meanSpeedRelative="0.21" duration="13"/>
    <step time="3300.00" loaded="40055" inserted="3801" running="769" waiting="36254" ended="3032" arrived="3032" collisions="0" teleports="0" halting="6" stopped="0" meanWaitingTime="962.26" meanTravelTime="538.37" meanSpeed="4.35" meanSpeedRelative="0.20" duration="14"/>
    <step time="3600.00" loaded="44403" inserted="4097" running="772" waiting="40306" ended="3325" arrived="3325" collisions="0" teleports="0" halting="0" stopped="0" meanWaitingTime="1062.37" meanTravelTime="559.59" meanSpeed="4.39" meanSpeedRelative="0.20" duration="21"/>
    <step time="3900.00" loaded="49094" inserted="4385" running="768" waiting="44709" ended="3617" arrived="3617" collisions="0" teleports="0" halting="4" stopped="0" meanWaitingTime="1161.36" meanTravelTime="577.82" meanSpeed="4.17" meanSpeedRelative="0.19" duration="16"/>
    <step time="4200.00" loaded="53622" inserted="4672" running="776" waiting="48950" ended="3896" arrived="3896" collisions="0" teleports="0" halting="4" stopped="0" meanWaitingTime="1261.52" meanTravelTime="593.82" meanSpeed="4.20" meanSpeedRelative="0.19" duration="17"/>
    <step time="4500.00" loaded="58505" inserted="4950" running="770" waiting="53555" ended="4180" arrived="4180" collisions="0" teleports="0" halting="3" stopped="0" meanWaitingTime="1359.83" meanTravelTime="609.79" meanSpeed="4.17" meanSpeedRelative="0.19" duration="18"/>
    <step time="4800.00" loaded="63326" inserted="5232" running="770" waiting="58094" ended="4462" arrived="4462" collisions="0" teleports="0" halting="3" stopped="0" meanWaitingTime="1458.74" meanTravelTime="622.32" meanSpeed="4.17" meanSpeedRelative="0.19" duration="24"/>
    <step time="5100.00" loaded="68361" inserted="5525" running="769" waiting="62836" ended="4756" arrived="4756" collisions="0" teleports="0" halting="2" stopped="0" meanWaitingTime="1565.35" meanTravelTime="632.44" meanSpeed="4.42" meanSpeedRelative="0.20" duration="19"/>
    <step time="5400.00" loaded="73498" inserted="5817" running="772" waiting="67681" ended="5045" arrived="5045" collisions="0" teleports="0" halting="5" stopped="0" meanWaitingTime="1672.20" meanTravelTime="641.48" meanSpeed="4.11" meanSpeedRelative="0.19" duration="28"/>
    <step time="5700.00" loaded="78701" inserted="6103" running="763" waiting="72598" ended="5340" arrived="5340" collisions="0" teleports="0" halting="3" stopped="0" meanWaitingTime="1776.65" meanTravelTime="650.02" meanSpeed="4.34" meanSpeedRelative="0.20" duration="20"/>
    <step time="6000.00" loaded="83941" inserted="6384" running="758" waiting="77557" ended="5626" arrived="5626" collisions="0" teleports="0" halting="5" stopped="0" meanWaitingTime="1880.44" meanTravelTime="656.78" meanSpeed="4.53" meanSpeedRelative="0.21" duration="20"/>
    <step time="6300.00" loaded="89167" inserted="6676" running="758" waiting="82491" ended="5918" arrived="5918" collisions="0" teleports="0" halting="4" stopped="0" meanWaitingTime="1991.03" meanTravelTime="663.22" meanSpeed="4.62" meanSpeedRelative="0.21" duration="22"/>
    <step time="6600.00" loaded="94447" inserted="6967" running="767" waiting="87480" ended="6200" arrived="6200" collisions="0" teleports="0" halting="3" stopped="0" meanWaitingTime="2100.61" meanTravelTime="669.78" meanSpeed="4.36" meanSpeedRelative="0.20" duration="29"/>
    <step time="6900.00" loaded="99654" inserted="7256" running="769" waiting="92398" ended="6487" arrived="6487" collisions="0" teleports="0" halting="3" stopped="0" meanWaitingTime="2210.28" meanTravelTime="676.84" meanSpeed="4.46" meanSpeedRelative="0.21" duration="23"/>
    <step time="7200.00" loaded="104829" inserted="7556" running="778" waiting="97273" ended="6778" arrived="6778" collisions="0" teleports="0" halting="3" stopped="0" meanWaitingTime="2324.66" meanTravelTime="680.72" meanSpeed="4.46" meanSpeedRelative="0.21" duration="30"/>
    <step time="7500.00" loaded="109742" inserted="7853" running="778" waiting="101889" ended="7075" arrived="7075" collisions="0" teleports="0" halting="3" stopped="0" meanWaitingTime="2439.52" meanTravelTime="685.43" meanSpeed="4.35" meanSpeedRelative="0.20" duration="27"/>
    <step time="7800.00" loaded="114761" inserted="8146" running="773" waiting="106615" ended="7373" arrived="7373" collisions="0" teleports="0" halting="3" stopped="0" meanWaitingTime="2551.61" meanTravelTime="689.30" meanSpeed="4.08" meanSpeedRelative="0.19" duration="28"/>
    <step time="8100.00" loaded="119885" inserted="8439" running="781" waiting="111446" ended="7658" arrived="7658" collisions="0" teleports="0" halting="2" stopped="0" meanWaitingTime="2663.60" meanTravelTime="693.96" meanSpeed="4.15" meanSpeedRelative="0.19" duration="28"/>
    <step time="8400.00" loaded="124954" inserted="8716" running="782" waiting="116238" ended="7934" arrived="7934" collisions="0" teleports="0" halting="2" stopped="0" meanWaitingTime="2767.36" meanTravelTime="697.90" meanSpeed="4.24" meanSpeedRelative="0.20" duration="29"/>
    <step time="8700.00" loaded="129895" inserted="9000" running="772" waiting="120895" ended="8228" arrived="8228" collisions="0" teleports="0" halting="3" stopped="0" meanWaitingTime="2879.21" meanTravelTime="700.63" meanSpeed="4.46" meanSpeedRelative="0.21" duration="28"/>
    <step time="9000.00" loaded="134771" inserted="9289" running="781" waiting="125482" ended="8508" arrived="8508" collisions="0" teleports="0" halting="4" stopped="0" meanWaitingTime="2990.18" meanTravelTime="704.87" meanSpeed="4.45" meanSpeedRelative="0.21" duration="38"/>
    <step time="9300.00" loaded="139533" inserted="9567" running="763" waiting="129966" ended="8804" arrived="8804" collisions="0" teleports="0" halting="3" stopped="0" meanWaitingTime="3097.54" meanTravelTime="708.20" meanSpeed="4.56" meanSpeedRelative="0.21" duration="30"/>
    <step time="9600.00" loaded="144436" inserted="9881" running="769" waiting="134555" ended="9112" arrived="9112" collisions="0" teleports="0" halting="6" stopped="0" meanWaitingTime="3224.54" meanTravelTime="711.31" meanSpeed="4.54" meanSpeedRelative="0.21" duration="38"/>
    <step time="9900.00" loaded="149225" inserted="10182" running="773" waiting="139043" ended="9409" arrived="9409" collisions="0" teleports="0" halting="4" stopped="0" meanWaitingTime="3343.89" meanTravelTime="713.58" meanSpeed="4.39" meanSpeedRelative="0.20" duration="33"/>
    <step time="10200.00" loaded="153925" inserted="10495" running="793" waiting="143430" ended="9702" arrived="9702" collisions="0" teleports="0" halting="1" stopped="0" meanWaitingTime="3470.65" meanTravelTime="715.66" meanSpeed="4.38" meanSpeedRelative="0.20" duration="33"/>
    <step time="10500.00" loaded="158444" inserted="10800" running="807" waiting="147644" ended="9993" arrived="9993" collisions="0" teleports="0" halting="3" stopped="0" meanWaitingTime="3594.09" meanTravelTime="718.16" meanSpeed="4.35" meanSpeedRelative="0.20" duration="38"/>
</summary>
