<?xml version="1.0" encoding="UTF-8"?>

<!-- generated on 2025-03-19 17:32:34 by Eclipse SUMO sumo Version 1.21.0
<sumoConfiguration xmlns:xsi="http://www.w3.org/2001/XMLSchema-instance" xsi:noNamespaceSchemaLocation="http://sumo.dlr.de/xsd/sumoConfiguration.xsd">

    <input>
        <net-file value="Network.net.xml"/>
        <route-files value="Demand.rou.xml"/>
        <additional-files value="Temp_Sensors.add.xml"/>
    </input>

    <output>
        <emission-output value="logs/Emissions_NoControl.xml"/>
        <summary-output value="logs/Log_summary_NoControl.xml"/>
        <summary-output.period value="300"/>
        <tripinfo-output value="logs/TripInfos_NoControl.xml"/>
    </output>

    <time>
        <begin value="0"/>
        <end value="10800"/>
        <step-length value="1"/>
    </time>

    <processing>
        <time-to-teleport value="-1"/>
    </processing>

    <report>
        <verbose value="true"/>
        <no-step-log value="true"/>
    </report>

    <emissions>
        <device.emissions.period value="10"/>
    </emissions>

    <traci_server>
        <remote-port value="60893"/>
    </traci_server>

    <gui_only>
        <quit-on-end value="true"/>
        <start value="true"/>
    </gui_only>

</sumoConfiguration>
-->

<detector xmlns:xsi="http://www.w3.org/2001/XMLSchema-instance" xsi:noNamespaceSchemaLocation="http://sumo.dlr.de/xsd/det_e2_file.xsd">
   <interval begin="0.00" end="10800.00" id="e2_E3_0" sampledSeconds="102910.58" nVehEntered="1239" nVehLeft="1229" nVehSeen="1239" meanSpeed="1.68" meanTimeLoss="71.77" meanOccupancy="31.30" maxOccupancy="39.29" meanMaxJamLengthInVehicles="0.98" meanMaxJamLengthInMeters="6.19" maxJamLengthInVehicles="6" maxJamLengthInMeters="74.13" jamLengthInVehiclesSum="14847" jamLengthInMetersSum="86284.91" meanHaltingDuration="1.89" maxHaltingDuration="20.00" haltingDurationSum="31190.00" meanIntervalHaltingDuration="1.89" maxIntervalHaltingDuration="20.00" intervalHaltingDurationSum="31190.00" startedHalts="16732.00" meanVehicleNumber="9.59" maxVehicleNumber="12" />
</detector>
