<?xml version="1.0" encoding="UTF-8"?>

<!-- generated on 2025-03-19 17:32:34 by Eclipse SUMO sumo Version 1.21.0
<sumoConfiguration xmlns:xsi="http://www.w3.org/2001/XMLSchema-instance" xsi:noNamespaceSchemaLocation="http://sumo.dlr.de/xsd/sumoConfiguration.xsd">

    <input>
        <net-file value="Network.net.xml"/>
        <route-files value="Demand.rou.xml"/>
        <additional-files value="Temp_Sensors.add.xml"/>
    </input>

    <output>
        <emission-output value="logs/Emissions_NoControl.xml"/>
        <summary-output value="logs/Log_summary_NoControl.xml"/>
        <summary-output.period value="300"/>
        <tripinfo-output value="logs/TripInfos_NoControl.xml"/>
    </output>

    <time>
        <begin value="0"/>
        <end value="10800"/>
        <step-length value="1"/>
    </time>

    <processing>
        <time-to-teleport value="-1"/>
    </processing>

    <report>
        <verbose value="true"/>
        <no-step-log value="true"/>
    </report>

    <emissions>
        <device.emissions.period value="10"/>
    </emissions>

    <traci_server>
        <remote-port value="60893"/>
    </traci_server>

    <gui_only>
        <quit-on-end value="true"/>
        <start value="true"/>
    </gui_only>

</sumoConfiguration>
-->

<detector xmlns:xsi="http://www.w3.org/2001/XMLSchema-instance" xsi:noNamespaceSchemaLocation="http://sumo.dlr.de/xsd/det_e2_file.xsd">
   <interval begin="0.00" end="10800.00" id="e2_E2_0" sampledSeconds="150093.60" nVehEntered="972" nVehLeft="959" nVehSeen="972" meanSpeed="1.11" meanTimeLoss="140.41" meanOccupancy="37.28" maxOccupancy="46.37" meanMaxJamLengthInVehicles="7.98" meanMaxJamLengthInMeters="88.41" maxJamLengthInVehicles="16" maxJamLengthInMeters="172.35" jamLengthInVehiclesSum="114493" jamLengthInMetersSum="1188532.88" meanHaltingDuration="8.34" maxHaltingDuration="195.00" haltingDurationSum="103897.00" meanIntervalHaltingDuration="8.34" maxIntervalHaltingDuration="195.00" intervalHaltingDurationSum="103897.00" startedHalts="13157.00" meanVehicleNumber="13.94" maxVehicleNumber="17" />
</detector>
