<?xml version="1.0" encoding="UTF-8"?>

<!-- generated on 2025-03-19 17:47:03 by Eclipse SUMO sumo Version 1.21.0
<sumoConfiguration xmlns:xsi="http://www.w3.org/2001/XMLSchema-instance" xsi:noNamespaceSchemaLocation="http://sumo.dlr.de/xsd/sumoConfiguration.xsd">

    <input>
        <net-file value="Network.net.xml"/>
        <route-files value="Demand.rou.xml"/>
        <additional-files value="Temp_Sensors.add.xml"/>
    </input>

    <output>
        <emission-output value="logs/Emissions_ALINEA.xml"/>
        <summary-output value="logs/Log_summary_ALINEA.xml"/>
        <summary-output.period value="300"/>
        <tripinfo-output value="logs/TripInfos_ALINEA.xml"/>
    </output>

    <time>
        <begin value="0"/>
        <end value="10800"/>
        <step-length value="1"/>
    </time>

    <processing>
        <time-to-teleport value="-1"/>
    </processing>

    <report>
        <verbose value="true"/>
        <no-step-log value="true"/>
    </report>

    <emissions>
        <device.emissions.period value="10"/>
    </emissions>

    <traci_server>
        <remote-port value="61313"/>
    </traci_server>

    <gui_only>
        <quit-on-end value="true"/>
        <start value="true"/>
    </gui_only>

</sumoConfiguration>
-->

<detector xmlns:xsi="http://www.w3.org/2001/XMLSchema-instance" xsi:noNamespaceSchemaLocation="http://sumo.dlr.de/xsd/det_e2_file.xsd">
   <interval begin="0.00" end="10800.00" id="e2_E3_0" sampledSeconds="123919.66" nVehEntered="992" nVehLeft="978" nVehSeen="992" meanSpeed="1.11" meanTimeLoss="113.63" meanOccupancy="38.09" maxOccupancy="50.00" meanMaxJamLengthInVehicles="5.65" meanMaxJamLengthInMeters="54.17" maxJamLengthInVehicles="15" maxJamLengthInMeters="139.65" jamLengthInVehiclesSum="80398" jamLengthInMetersSum="732105.47" meanHaltingDuration="8.47" maxHaltingDuration="123.00" haltingDurationSum="91155.00" meanIntervalHaltingDuration="8.47" maxIntervalHaltingDuration="123.00" intervalHaltingDurationSum="91155.00" startedHalts="10779.00" meanVehicleNumber="11.52" maxVehicleNumber="16" />
</detector>
