<?xml version="1.0" encoding="UTF-8"?>

<!-- generated on 2025-03-19 17:47:03 by Eclipse SUMO sumo Version 1.21.0
<sumoConfiguration xmlns:xsi="http://www.w3.org/2001/XMLSchema-instance" xsi:noNamespaceSchemaLocation="http://sumo.dlr.de/xsd/sumoConfiguration.xsd">

    <input>
        <net-file value="Network.net.xml"/>
        <route-files value="Demand.rou.xml"/>
        <additional-files value="Temp_Sensors.add.xml"/>
    </input>

    <output>
        <emission-output value="logs/Emissions_ALINEA.xml"/>
        <summary-output value="logs/Log_summary_ALINEA.xml"/>
        <summary-output.period value="300"/>
        <tripinfo-output value="logs/TripInfos_ALINEA.xml"/>
    </output>

    <time>
        <begin value="0"/>
        <end value="10800"/>
        <step-length value="1"/>
    </time>

    <processing>
        <time-to-teleport value="-1"/>
    </processing>

    <report>
        <verbose value="true"/>
        <no-step-log value="true"/>
    </report>

    <emissions>
        <device.emissions.period value="10"/>
    </emissions>

    <traci_server>
        <remote-port value="61313"/>
    </traci_server>

    <gui_only>
        <quit-on-end value="true"/>
        <start value="true"/>
    </gui_only>

</sumoConfiguration>
-->

<detector xmlns:xsi="http://www.w3.org/2001/XMLSchema-instance" xsi:noNamespaceSchemaLocation="http://sumo.dlr.de/xsd/det_e2_file.xsd">
   <interval begin="0.00" end="10800.00" id="e2_E4_0" sampledSeconds="132023.37" nVehEntered="683" nVehLeft="668" nVehSeen="683" meanSpeed="0.62" meanTimeLoss="183.46" meanOccupancy="47.08" maxOccupancy="65.07" meanMaxJamLengthInVehicles="10.26" meanMaxJamLengthInMeters="87.39" maxJamLengthInVehicles="17" maxJamLengthInMeters="121.88" jamLengthInVehiclesSum="115793" jamLengthInMetersSum="980265.92" meanHaltingDuration="42.77" maxHaltingDuration="651.00" haltingDurationSum="118565.00" meanIntervalHaltingDuration="42.77" maxIntervalHaltingDuration="651.00" intervalHaltingDurationSum="118565.00" startedHalts="2772.00" meanVehicleNumber="12.26" maxVehicleNumber="17" />
</detector>
