<?xml version="1.0" encoding="UTF-8"?>

<!-- generated on 2025-03-19 17:47:03 by Eclipse SUMO sumo Version 1.21.0
<sumoConfiguration xmlns:xsi="http://www.w3.org/2001/XMLSchema-instance" xsi:noNamespaceSchemaLocation="http://sumo.dlr.de/xsd/sumoConfiguration.xsd">

    <input>
        <net-file value="Network.net.xml"/>
        <route-files value="Demand.rou.xml"/>
        <additional-files value="Temp_Sensors.add.xml"/>
    </input>

    <output>
        <emission-output value="logs/Emissions_ALINEA.xml"/>
        <summary-output value="logs/Log_summary_ALINEA.xml"/>
        <summary-output.period value="300"/>
        <tripinfo-output value="logs/TripInfos_ALINEA.xml"/>
    </output>

    <time>
        <begin value="0"/>
        <end value="10800"/>
        <step-length value="1"/>
    </time>

    <processing>
        <time-to-teleport value="-1"/>
    </processing>

    <report>
        <verbose value="true"/>
        <no-step-log value="true"/>
    </report>

    <emissions>
        <device.emissions.period value="10"/>
    </emissions>

    <traci_server>
        <remote-port value="61313"/>
    </traci_server>

    <gui_only>
        <quit-on-end value="true"/>
        <start value="true"/>
    </gui_only>

</sumoConfiguration>
-->

<detector xmlns:xsi="http://www.w3.org/2001/XMLSchema-instance" xsi:noNamespaceSchemaLocation="http://sumo.dlr.de/xsd/det_e2_file.xsd">
   <interval begin="0.00" end="10800.00" id="e2_E5_0" sampledSeconds="124272.97" nVehEntered="1039" nVehLeft="1025" nVehSeen="1039" meanSpeed="1.26" meanTimeLoss="107.26" meanOccupancy="35.29" maxOccupancy="47.50" meanMaxJamLengthInVehicles="4.84" meanMaxJamLengthInMeters="46.95" maxJamLengthInVehicles="15" maxJamLengthInMeters="151.38" jamLengthInVehiclesSum="72838" jamLengthInMetersSum="657208.28" meanHaltingDuration="6.65" maxHaltingDuration="93.00" haltingDurationSum="85339.00" meanIntervalHaltingDuration="6.65" maxIntervalHaltingDuration="93.00" intervalHaltingDurationSum="85339.00" startedHalts="12982.00" meanVehicleNumber="11.55" maxVehicleNumber="15" />
</detector>
