<?xml version="1.0" encoding="UTF-8"?>

<!-- generated on 2025-03-19 17:47:03 by Eclipse SUMO sumo Version 1.21.0
<sumoConfiguration xmlns:xsi="http://www.w3.org/2001/XMLSchema-instance" xsi:noNamespaceSchemaLocation="http://sumo.dlr.de/xsd/sumoConfiguration.xsd">

    <input>
        <net-file value="Network.net.xml"/>
        <route-files value="Demand.rou.xml"/>
        <additional-files value="Temp_Sensors.add.xml"/>
    </input>

    <output>
        <emission-output value="logs/Emissions_ALINEA.xml"/>
        <summary-output value="logs/Log_summary_ALINEA.xml"/>
        <summary-output.period value="300"/>
        <tripinfo-output value="logs/TripInfos_ALINEA.xml"/>
    </output>

    <time>
        <begin value="0"/>
        <end value="10800"/>
        <step-length value="1"/>
    </time>

    <processing>
        <time-to-teleport value="-1"/>
    </processing>

    <report>
        <verbose value="true"/>
        <no-step-log value="true"/>
    </report>

    <emissions>
        <device.emissions.period value="10"/>
    </emissions>

    <traci_server>
        <remote-port value="61313"/>
    </traci_server>

    <gui_only>
        <quit-on-end value="true"/>
        <start value="true"/>
    </gui_only>

</sumoConfiguration>
-->

<detector xmlns:xsi="http://www.w3.org/2001/XMLSchema-instance" xsi:noNamespaceSchemaLocation="http://sumo.dlr.de/xsd/det_e2_file.xsd">
   <interval begin="0.00" end="10800.00" id="e2_E2_0" sampledSeconds="175824.30" nVehEntered="763" nVehLeft="745" nVehSeen="763" meanSpeed="0.74" meanTimeLoss="216.45" meanOccupancy="43.27" maxOccupancy="61.92" meanMaxJamLengthInVehicles="13.05" meanMaxJamLengthInMeters="125.76" maxJamLengthInVehicles="23" maxJamLengthInMeters="172.40" jamLengthInVehiclesSum="156922" jamLengthInMetersSum="1484174.43" meanHaltingDuration="37.36" maxHaltingDuration="425.00" haltingDurationSum="161238.00" meanIntervalHaltingDuration="37.36" maxIntervalHaltingDuration="425.00" intervalHaltingDurationSum="161238.00" startedHalts="4316.00" meanVehicleNumber="16.32" maxVehicleNumber="23" />
</detector>
