<?xml version="1.0" encoding="UTF-8"?>

<!-- generated on 2025-03-19 17:47:03 by Eclipse SUMO sumo Version 1.21.0
<sumoConfiguration xmlns:xsi="http://www.w3.org/2001/XMLSchema-instance" xsi:noNamespaceSchemaLocation="http://sumo.dlr.de/xsd/sumoConfiguration.xsd">

    <input>
        <net-file value="Network.net.xml"/>
        <route-files value="Demand.rou.xml"/>
        <additional-files value="Temp_Sensors.add.xml"/>
    </input>

    <output>
        <emission-output value="logs/Emissions_ALINEA.xml"/>
        <summary-output value="logs/Log_summary_ALINEA.xml"/>
        <summary-output.period value="300"/>
        <tripinfo-output value="logs/TripInfos_ALINEA.xml"/>
    </output>

    <time>
        <begin value="0"/>
        <end value="10800"/>
        <step-length value="1"/>
    </time>

    <processing>
        <time-to-teleport value="-1"/>
    </processing>

    <report>
        <verbose value="true"/>
        <no-step-log value="true"/>
    </report>

    <emissions>
        <device.emissions.period value="10"/>
    </emissions>

    <traci_server>
        <remote-port value="61313"/>
    </traci_server>

    <gui_only>
        <quit-on-end value="true"/>
        <start value="true"/>
    </gui_only>

</sumoConfiguration>
-->

<detector xmlns:xsi="http://www.w3.org/2001/XMLSchema-instance" xsi:noNamespaceSchemaLocation="http://sumo.dlr.de/xsd/det_e2_file.xsd">
   <interval begin="0.00" end="10800.00" id="e2_E4b_0" sampledSeconds="166619.52" nVehEntered="832" nVehLeft="814" nVehSeen="832" meanSpeed="0.85" meanTimeLoss="186.50" meanOccupancy="42.13" maxOccupancy="53.50" meanMaxJamLengthInVehicles="11.77" meanMaxJamLengthInMeters="114.78" maxJamLengthInVehicles="20" maxJamLengthInMeters="167.68" jamLengthInVehiclesSum="142661" jamLengthInMetersSum="1366954.49" meanHaltingDuration="27.39" maxHaltingDuration="265.00" haltingDurationSum="148006.00" meanIntervalHaltingDuration="27.39" maxIntervalHaltingDuration="265.00" intervalHaltingDurationSum="148006.00" startedHalts="5528.00" meanVehicleNumber="15.47" maxVehicleNumber="20" />
</detector>
