<?xml version="1.0" encoding="UTF-8"?>

<!-- generated on 2025-03-19 17:47:03 by Eclipse SUMO sumo Version 1.21.0
<sumoConfiguration xmlns:xsi="http://www.w3.org/2001/XMLSchema-instance" xsi:noNamespaceSchemaLocation="http://sumo.dlr.de/xsd/sumoConfiguration.xsd">

    <input>
        <net-file value="Network.net.xml"/>
        <route-files value="Demand.rou.xml"/>
        <additional-files value="Temp_Sensors.add.xml"/>
    </input>

    <output>
        <emission-output value="logs/Emissions_ALINEA.xml"/>
        <summary-output value="logs/Log_summary_ALINEA.xml"/>
        <summary-output.period value="300"/>
        <tripinfo-output value="logs/TripInfos_ALINEA.xml"/>
    </output>

    <time>
        <begin value="0"/>
        <end value="10800"/>
        <step-length value="1"/>
    </time>

    <processing>
        <time-to-teleport value="-1"/>
    </processing>

    <report>
        <verbose value="true"/>
        <no-step-log value="true"/>
    </report>

    <emissions>
        <device.emissions.period value="10"/>
    </emissions>

    <traci_server>
        <remote-port value="61313"/>
    </traci_server>

    <gui_only>
        <quit-on-end value="true"/>
        <start value="true"/>
    </gui_only>

</sumoConfiguration>
-->

<summary xmlns:xsi="http://www.w3.org/2001/XMLSchema-instance" xsi:noNamespaceSchemaLocation="http://sumo.dlr.de/xsd/summary_file.xsd">
    <step time="0.00" loaded="11" inserted="4" running="4" waiting="7" ended="0" arrived="0" collisions="0" teleports="0" halting="4" stopped="0" meanWaitingTime="0.00" meanTravelTime="-1.00" meanSpeed="0.00" meanSpeedRelative="0.00" duration="1"/>
    <step time="300.00" loaded="2999" inserted="479" running="322" waiting="2520" ended="157" arrived="157" collisions="0" teleports="0" halting="2" stopped="0" meanWaitingTime="66.82" meanTravelTime="114.50" meanSpeed="11.32" meanSpeedRelative="0.53" duration="4"/>
    <step time="600.00" loaded="5942" inserted="874" running="436" waiting="5068" ended="438" arrived="438" collisions="0" teleports="0" halting="7" stopped="0" meanWaitingTime="148.32" meanTravelTime="190.69" meanSpeed="8.94" meanSpeedRelative="0.41" duration="11"/>
    <step time="900.00" loaded="9280" inserted="1235" running="494" waiting="8045" ended="741" arrived="741" collisions="0" teleports="0" halting="16" stopped="0" meanWaitingTime="241.45" meanTravelTime="260.62" meanSpeed="7.80" meanSpeedRelative="0.36" duration="7"/>
    <step time="1200.00" loaded="12524" inserted="1576" running="549" waiting="10948" ended="1027" arrived="1027" collisions="0" teleports="0" halting="14" stopped="0" meanWaitingTime="343.47" meanTravelTime="307.17" meanSpeed="7.10" meanSpeedRelative="0.32" duration="14"/>
    <step time="1500.00" loaded="16088" inserted="1895" running="578" waiting="14193" ended="1317" arrived="1317" collisions="0" teleports="0" halting="20" stopped="0" meanWaitingTime="448.49" meanTravelTime="347.64" meanSpeed="6.57" meanSpeedRelative="0.30" duration="9"/>
    <step time="1800.00" loaded="19581" inserted="2192" running="609" waiting="17389" ended="1583" arrived="1583" collisions="0" teleports="0" halting="18" stopped="0" meanWaitingTime="551.52" meanTravelTime="384.57" meanSpeed="6.18" meanSpeedRelative="0.28" duration="15"/>
    <step time="2100.00" loaded="23409" inserted="2481" running="614" waiting="20928" ended="1867" arrived="1867" collisions="0" teleports="0" halting="23" stopped="0" meanWaitingTime="656.19" meanTravelTime="413.75" meanSpeed="6.02" meanSpeedRelative="0.27" duration="10"/>
    <step time="2400.00" loaded="27234" inserted="2752" running="610" waiting="24482" ended="2142" arrived="2142" collisions="0" teleports="0" halting="19" stopped="0" meanWaitingTime="759.49" meanTravelTime="442.16" meanSpeed="6.27" meanSpeedRelative="0.29" duration="19"/>
    <step time="2700.00" loaded="31360" inserted="3029" running="597" waiting="28331" ended="2432" arrived="2432" collisions="0" teleports="0" halting="14" stopped="0" meanWaitingTime="867.42" meanTravelTime="467.10" meanSpeed="6.16" meanSpeedRelative="0.28" duration="11"/>
    <step time="3000.00" loaded="35569" inserted="3327" running="613" waiting="32242" ended="2714" arrived="2714" collisions="0" teleports="0" halting="16" stopped="0" meanWaitingTime="982.19" meanTravelTime="485.67" meanSpeed="5.93" meanSpeedRelative="0.27" duration="12"/>
    <step time="3300.00" loaded="40055" inserted="3617" running="619" waiting="36438" ended="2998" arrived="2998" collisions="0" teleports="0" halting="19" stopped="0" meanWaitingTime="1094.93" meanTravelTime="498.33" meanSpeed="6.09" meanSpeedRelative="0.28" duration="14"/>
    <step time="3600.00" loaded="44403" inserted="3896" running="613" waiting="40507" ended="3283" arrived="3283" collisions="0" teleports="0" halting="18" stopped="0" meanWaitingTime="1205.22" meanTravelTime="511.46" meanSpeed="5.89" meanSpeedRelative="0.27" duration="20"/>
    <step time="3900.00" loaded="49094" inserted="4172" running="602" waiting="44922" ended="3570" arrived="3570" collisions="0" teleports="0" halting="14" stopped="0" meanWaitingTime="1314.17" meanTravelTime="522.36" meanSpeed="5.92" meanSpeedRelative="0.27" duration="17"/>
    <step time="4200.00" loaded="53622" inserted="4464" running="611" waiting="49158" ended="3853" arrived="3853" collisions="0" teleports="0" halting="17" stopped="0" meanWaitingTime="1431.01" meanTravelTime="532.61" meanSpeed="5.94" meanSpeedRelative="0.27" duration="16"/>
    <step time="4500.00" loaded="58505" inserted="4766" running="610" waiting="53739" ended="4156" arrived="4156" collisions="0" teleports="0" halting="17" stopped="0" meanWaitingTime="1552.25" meanTravelTime="537.32" meanSpeed="6.00" meanSpeedRelative="0.27" duration="17"/>
    <step time="4800.00" loaded="63326" inserted="5058" running="628" waiting="58268" ended="4430" arrived="4430" collisions="0" teleports="0" halting="14" stopped="0" meanWaitingTime="1670.54" meanTravelTime="543.28" meanSpeed="5.80" meanSpeedRelative="0.27" duration="24"/>
    <step time="5100.00" loaded="68361" inserted="5341" running="631" waiting="63020" ended="4710" arrived="4710" collisions="0" teleports="0" halting="24" stopped="0" meanWaitingTime="1786.32" meanTravelTime="549.33" meanSpeed="5.86" meanSpeedRelative="0.27" duration="17"/>
    <step time="5400.00" loaded="73498" inserted="5607" running="609" waiting="67891" ended="4998" arrived="4998" collisions="0" teleports="0" halting="19" stopped="0" meanWaitingTime="1898.88" meanTravelTime="556.00" meanSpeed="6.14" meanSpeedRelative="0.28" duration="28"/>
    <step time="5700.00" loaded="78701" inserted="5888" running="607" waiting="72813" ended="5281" arrived="5281" collisions="0" teleports="0" halting="22" stopped="0" meanWaitingTime="2018.15" meanTravelTime="563.51" meanSpeed="6.09" meanSpeedRelative="0.28" duration="20"/>
    <step time="6000.00" loaded="83941" inserted="6173" running="606" waiting="77768" ended="5567" arrived="5567" collisions="0" teleports="0" halting="23" stopped="0" meanWaitingTime="2139.97" meanTravelTime="567.49" meanSpeed="6.08" meanSpeedRelative="0.28" duration="20"/>
    <step time="6300.00" loaded="89167" inserted="6445" running="599" waiting="82722" ended="5846" arrived="5846" collisions="0" teleports="0" halting="16" stopped="0" meanWaitingTime="2257.16" meanTravelTime="571.93" meanSpeed="6.25" meanSpeedRelative="0.29" duration="21"/>
    <step time="6600.00" loaded="94447" inserted="6735" running="597" waiting="87712" ended="6138" arrived="6138" collisions="0" teleports="0" halting="19" stopped="0" meanWaitingTime="2382.96" meanTravelTime="575.21" meanSpeed="6.23" meanSpeedRelative="0.28" duration="32"/>
    <step time="6900.00" loaded="99654" inserted="7026" running="603" waiting="92628" ended="6423" arrived="6423" collisions="0" teleports="0" halting="17" stopped="0" meanWaitingTime="2507.04" meanTravelTime="577.63" meanSpeed="6.17" meanSpeedRelative="0.28" duration="24"/>
    <step time="7200.00" loaded="104829" inserted="7305" running="608" waiting="97524" ended="6697" arrived="6697" collisions="0" teleports="0" halting="20" stopped="0" meanWaitingTime="2625.31" meanTravelTime="579.35" meanSpeed="6.06" meanSpeedRelative="0.28" duration="30"/>
    <step time="7500.00" loaded="109742" inserted="7584" running="610" waiting="102158" ended="6974" arrived="6974" collisions="0" teleports="0" halting="18" stopped="0" meanWaitingTime="2745.54" meanTravelTime="581.90" meanSpeed="6.12" meanSpeedRelative="0.28" duration="27"/>
    <step time="7800.00" loaded="114761" inserted="7863" running="606" waiting="106898" ended="7257" arrived="7257" collisions="0" teleports="0" halting="21" stopped="0" meanWaitingTime="2866.39" meanTravelTime="584.64" meanSpeed="6.14" meanSpeedRelative="0.28" duration="28"/>
    <step time="8100.00" loaded="119885" inserted="8150" running="593" waiting="111735" ended="7557" arrived="7557" collisions="0" teleports="0" halting="16" stopped="0" meanWaitingTime="2992.26" meanTravelTime="586.52" meanSpeed="6.27" meanSpeedRelative="0.29" duration="26"/>
    <step time="8400.00" loaded="124954" inserted="8437" running="597" waiting="116517" ended="7840" arrived="7840" collisions="0" teleports="0" halting="13" stopped="0" meanWaitingTime="3117.28" meanTravelTime="588.57" meanSpeed="6.25" meanSpeedRelative="0.29" duration="26"/>
    <step time="8700.00" loaded="129895" inserted="8724" running="603" waiting="121171" ended="8121" arrived="8121" collisions="0" teleports="0" halting="23" stopped="0" meanWaitingTime="3241.29" meanTravelTime="590.14" meanSpeed="6.27" meanSpeedRelative="0.29" duration="30"/>
    <step time="9000.00" loaded="134771" inserted="9004" running="604" waiting="125767" ended="8400" arrived="8400" collisions="0" teleports="0" halting="22" stopped="0" meanWaitingTime="3363.10" meanTravelTime="592.04" meanSpeed="6.26" meanSpeedRelative="0.29" duration="35"/>
    <step time="9300.00" loaded="139533" inserted="9288" running="602" waiting="130245" ended="8686" arrived="8686" collisions="0" teleports="0" halting="17" stopped="0" meanWaitingTime="3487.60" meanTravelTime="593.26" meanSpeed="6.16" meanSpeedRelative="0.28" duration="29"/>
    <step time="9600.00" loaded="144436" inserted="9577" running="595" waiting="134859" ended="8982" arrived="8982" collisions="0" teleports="0" halting="19" stopped="0" meanWaitingTime="3614.25" meanTravelTime="594.08" meanSpeed="6.15" meanSpeedRelative="0.28" duration="43"/>
    <step time="9900.00" loaded="149225" inserted="9851" running="595" waiting="139374" ended="9256" arrived="9256" collisions="0" teleports="0" halting="20" stopped="0" meanWaitingTime="3733.08" meanTravelTime="595.19" meanSpeed="6.18" meanSpeedRelative="0.28" duration="31"/>
    <step time="10200.00" loaded="153925" inserted="10148" running="604" waiting="143777" ended="9544" arrived="9544" collisions="0" teleports="0" halting="19" stopped="0" meanWaitingTime="3863.65" meanTravelTime="596.73" meanSpeed="6.05" meanSpeedRelative="0.28" duration="35"/>
    <step time="10500.00" loaded="158444" inserted="10426" running="604" waiting="148018" ended="9822" arrived="9822" collisions="0" teleports="0" halting="18" stopped="0" meanWaitingTime="3986.02" meanTravelTime="597.55" meanSpeed="6.10" meanSpeedRelative="0.28" duration="35"/>
</summary>
