<?xml version="1.0" encoding="UTF-8"?>

<!-- generated on 2025-03-19 18:00:14 by Eclipse SUMO sumo Version 1.21.0
<sumoConfiguration xmlns:xsi="http://www.w3.org/2001/XMLSchema-instance" xsi:noNamespaceSchemaLocation="http://sumo.dlr.de/xsd/sumoConfiguration.xsd">

    <input>
        <net-file value="Network.net.xml"/>
        <route-files value="Demand.rou.xml"/>
        <additional-files value="Temp_Sensors.add.xml"/>
    </input>

    <output>
        <emission-output value="logs/Emissions_UpStreamALINEA.xml"/>
        <summary-output value="logs/Log_summary_UpStreamALINEA.xml"/>
        <summary-output.period value="300"/>
        <tripinfo-output value="logs/TripInfos_UpStreamALINEA.xml"/>
    </output>

    <time>
        <begin value="0"/>
        <end value="10800"/>
        <step-length value="1"/>
    </time>

    <processing>
        <time-to-teleport value="-1"/>
    </processing>

    <report>
        <verbose value="true"/>
        <no-step-log value="true"/>
    </report>

    <emissions>
        <device.emissions.period value="10"/>
    </emissions>

    <traci_server>
        <remote-port value="61974"/>
    </traci_server>

    <gui_only>
        <quit-on-end value="true"/>
        <start value="true"/>
    </gui_only>

</sumoConfiguration>
-->

<summary xmlns:xsi="http://www.w3.org/2001/XMLSchema-instance" xsi:noNamespaceSchemaLocation="http://sumo.dlr.de/xsd/summary_file.xsd">
    <step time="0.00" loaded="11" inserted="4" running="4" waiting="7" ended="0" arrived="0" collisions="0" teleports="0" halting="4" stopped="0" meanWaitingTime="0.00" meanTravelTime="-1.00" meanSpeed="0.00" meanSpeedRelative="0.00" duration="1"/>
    <step time="300.00" loaded="2999" inserted="479" running="322" waiting="2520" ended="157" arrived="157" collisions="0" teleports="0" halting="2" stopped="0" meanWaitingTime="66.82" meanTravelTime="114.50" meanSpeed="11.32" meanSpeedRelative="0.53" duration="5"/>
    <step time="600.00" loaded="5942" inserted="870" running="431" waiting="5072" ended="439" arrived="439" collisions="0" teleports="0" halting="11" stopped="0" meanWaitingTime="146.84" meanTravelTime="191.88" meanSpeed="9.18" meanSpeedRelative="0.42" duration="12"/>
    <step time="900.00" loaded="9280" inserted="1217" running="486" waiting="8063" ended="731" arrived="731" collisions="0" teleports="0" halting="21" stopped="0" meanWaitingTime="241.38" meanTravelTime="263.22" meanSpeed="8.12" meanSpeedRelative="0.37" duration="6"/>
    <step time="1200.00" loaded="12524" inserted="1531" running="515" waiting="10993" ended="1016" arrived="1016" collisions="0" teleports="0" halting="18" stopped="0" meanWaitingTime="346.78" meanTravelTime="315.97" meanSpeed="7.53" meanSpeedRelative="0.34" duration="13"/>
    <step time="1500.00" loaded="16088" inserted="1830" running="538" waiting="14258" ended="1292" arrived="1292" collisions="0" teleports="0" halting="17" stopped="0" meanWaitingTime="453.80" meanTravelTime="356.10" meanSpeed="7.36" meanSpeedRelative="0.34" duration="9"/>
    <step time="1800.00" loaded="19581" inserted="2137" running="567" waiting="17444" ended="1570" arrived="1570" collisions="0" teleports="0" halting="25" stopped="0" meanWaitingTime="569.84" meanTravelTime="385.90" meanSpeed="6.88" meanSpeedRelative="0.31" duration="17"/>
    <step time="2100.00" loaded="23409" inserted="2411" running="571" waiting="20998" ended="1840" arrived="1840" collisions="0" teleports="0" halting="32" stopped="0" meanWaitingTime="677.41" meanTravelTime="414.93" meanSpeed="6.72" meanSpeedRelative="0.31" duration="10"/>
    <step time="2400.00" loaded="27234" inserted="2684" running="562" waiting="24550" ended="2122" arrived="2122" collisions="0" teleports="0" halting="18" stopped="0" meanWaitingTime="789.34" meanTravelTime="439.14" meanSpeed="6.96" meanSpeedRelative="0.32" duration="17"/>
    <step time="2700.00" loaded="31360" inserted="2980" running="572" waiting="28380" ended="2408" arrived="2408" collisions="0" teleports="0" halting="19" stopped="0" meanWaitingTime="910.57" meanTravelTime="457.76" meanSpeed="6.73" meanSpeedRelative="0.31" duration="10"/>
    <step time="3000.00" loaded="35569" inserted="3263" running="576" waiting="32306" ended="2687" arrived="2687" collisions="0" teleports="0" halting="19" stopped="0" meanWaitingTime="1027.30" meanTravelTime="472.46" meanSpeed="6.65" meanSpeedRelative="0.30" duration="12"/>
    <step time="3300.00" loaded="40055" inserted="3534" running="573" waiting="36521" ended="2961" arrived="2961" collisions="0" teleports="0" halting="20" stopped="0" meanWaitingTime="1141.04" meanTravelTime="484.79" meanSpeed="6.71" meanSpeedRelative="0.31" duration="12"/>
    <step time="3600.00" loaded="44403" inserted="3809" running="558" waiting="40594" ended="3251" arrived="3251" collisions="0" teleports="0" halting="19" stopped="0" meanWaitingTime="1257.75" meanTravelTime="496.97" meanSpeed="6.80" meanSpeedRelative="0.31" duration="21"/>
    <step time="3900.00" loaded="49094" inserted="4086" running="552" waiting="45008" ended="3534" arrived="3534" collisions="0" teleports="0" halting="18" stopped="0" meanWaitingTime="1374.06" meanTravelTime="506.81" meanSpeed="6.91" meanSpeedRelative="0.32" duration="14"/>
    <step time="4200.00" loaded="53622" inserted="4376" running="557" waiting="49246" ended="3819" arrived="3819" collisions="0" teleports="0" halting="22" stopped="0" meanWaitingTime="1498.38" meanTravelTime="512.06" meanSpeed="6.90" meanSpeedRelative="0.32" duration="16"/>
    <step time="4500.00" loaded="58505" inserted="4656" running="549" waiting="53849" ended="4107" arrived="4107" collisions="0" teleports="0" halting="24" stopped="0" meanWaitingTime="1621.23" meanTravelTime="517.18" meanSpeed="6.96" meanSpeedRelative="0.32" duration="15"/>
    <step time="4800.00" loaded="63326" inserted="4947" running="570" waiting="58379" ended="4377" arrived="4377" collisions="0" teleports="0" halting="21" stopped="0" meanWaitingTime="1747.01" meanTravelTime="521.81" meanSpeed="6.75" meanSpeedRelative="0.31" duration="24"/>
    <step time="5100.00" loaded="68361" inserted="5226" running="557" waiting="63135" ended="4669" arrived="4669" collisions="0" teleports="0" halting="29" stopped="0" meanWaitingTime="1870.54" meanTravelTime="525.58" meanSpeed="7.03" meanSpeedRelative="0.32" duration="17"/>
    <step time="5400.00" loaded="73498" inserted="5503" running="557" waiting="67995" ended="4946" arrived="4946" collisions="0" teleports="0" halting="25" stopped="0" meanWaitingTime="1994.42" meanTravelTime="530.23" meanSpeed="6.84" meanSpeedRelative="0.31" duration="25"/>
    <step time="5700.00" loaded="78701" inserted="5792" running="570" waiting="72909" ended="5222" arrived="5222" collisions="0" teleports="0" halting="20" stopped="0" meanWaitingTime="2120.36" meanTravelTime="534.33" meanSpeed="6.71" meanSpeedRelative="0.31" duration="19"/>
    <step time="6000.00" loaded="83941" inserted="6065" running="561" waiting="77876" ended="5504" arrived="5504" collisions="0" teleports="0" halting="18" stopped="0" meanWaitingTime="2238.41" meanTravelTime="536.50" meanSpeed="6.79" meanSpeedRelative="0.31" duration="18"/>
    <step time="6300.00" loaded="89167" inserted="6343" running="544" waiting="82824" ended="5799" arrived="5799" collisions="0" teleports="0" halting="20" stopped="0" meanWaitingTime="2362.28" meanTravelTime="539.65" meanSpeed="6.92" meanSpeedRelative="0.32" duration="21"/>
    <step time="6600.00" loaded="94447" inserted="6636" running="572" waiting="87811" ended="6064" arrived="6064" collisions="0" teleports="0" halting="22" stopped="0" meanWaitingTime="2492.07" meanTravelTime="543.23" meanSpeed="6.70" meanSpeedRelative="0.31" duration="28"/>
    <step time="6900.00" loaded="99654" inserted="6911" running="575" waiting="92743" ended="6336" arrived="6336" collisions="0" teleports="0" halting="24" stopped="0" meanWaitingTime="2615.45" meanTravelTime="544.86" meanSpeed="6.77" meanSpeedRelative="0.31" duration="26"/>
    <step time="7200.00" loaded="104829" inserted="7185" running="564" waiting="97644" ended="6621" arrived="6621" collisions="0" teleports="0" halting="25" stopped="0" meanWaitingTime="2738.08" meanTravelTime="547.23" meanSpeed="6.68" meanSpeedRelative="0.31" duration="39"/>
    <step time="7500.00" loaded="109742" inserted="7458" running="542" waiting="102284" ended="6916" arrived="6916" collisions="0" teleports="0" halting="19" stopped="0" meanWaitingTime="2861.28" meanTravelTime="550.41" meanSpeed="7.00" meanSpeedRelative="0.32" duration="33"/>
    <step time="7800.00" loaded="114761" inserted="7744" running="544" waiting="107017" ended="7200" arrived="7200" collisions="0" teleports="0" halting="22" stopped="0" meanWaitingTime="2990.07" meanTravelTime="551.72" meanSpeed="7.06" meanSpeedRelative="0.32" duration="26"/>
    <step time="8100.00" loaded="119885" inserted="8035" running="549" waiting="111850" ended="7486" arrived="7486" collisions="0" teleports="0" halting="21" stopped="0" meanWaitingTime="3121.59" meanTravelTime="552.75" meanSpeed="7.04" meanSpeedRelative="0.32" duration="25"/>
    <step time="8400.00" loaded="124954" inserted="8320" running="561" waiting="116634" ended="7759" arrived="7759" collisions="0" teleports="0" halting="20" stopped="0" meanWaitingTime="3249.45" meanTravelTime="553.73" meanSpeed="6.97" meanSpeedRelative="0.32" duration="28"/>
    <step time="8700.00" loaded="129895" inserted="8596" running="552" waiting="121299" ended="8044" arrived="8044" collisions="0" teleports="0" halting="22" stopped="0" meanWaitingTime="3375.30" meanTravelTime="555.05" meanSpeed="6.94" meanSpeedRelative="0.31" duration="28"/>
    <step time="9000.00" loaded="134771" inserted="8874" running="559" waiting="125897" ended="8315" arrived="8315" collisions="0" teleports="0" halting="24" stopped="0" meanWaitingTime="3501.09" meanTravelTime="556.76" meanSpeed="6.89" meanSpeedRelative="0.32" duration="36"/>
    <step time="9300.00" loaded="139533" inserted="9149" running="567" waiting="130384" ended="8582" arrived="8582" collisions="0" teleports="0" halting="26" stopped="0" meanWaitingTime="3626.69" meanTravelTime="558.09" meanSpeed="6.84" meanSpeedRelative="0.31" duration="33"/>
    <step time="9600.00" loaded="144436" inserted="9435" running="563" waiting="135001" ended="8872" arrived="8872" collisions="0" teleports="0" halting="23" stopped="0" meanWaitingTime="3755.11" meanTravelTime="559.17" meanSpeed="6.75" meanSpeedRelative="0.31" duration="39"/>
    <step time="9900.00" loaded="149225" inserted="9710" running="560" waiting="139515" ended="9150" arrived="9150" collisions="0" teleports="0" halting="25" stopped="0" meanWaitingTime="3880.52" meanTravelTime="560.62" meanSpeed="6.71" meanSpeedRelative="0.31" duration="35"/>
    <step time="10200.00" loaded="153925" inserted="9990" running="553" waiting="143935" ended="9437" arrived="9437" collisions="0" teleports="0" halting="25" stopped="0" meanWaitingTime="4009.65" meanTravelTime="561.78" meanSpeed="6.89" meanSpeedRelative="0.32" duration="30"/>
    <step time="10500.00" loaded="158444" inserted="10267" running="560" waiting="148177" ended="9707" arrived="9707" collisions="0" teleports="0" halting="21" stopped="0" meanWaitingTime="4135.91" meanTravelTime="562.94" meanSpeed="6.92" meanSpeedRelative="0.32" duration="34"/>
</summary>
