<?xml version="1.0" encoding="UTF-8"?>

<!-- generated on 2025-03-19 18:00:14 by Eclipse SUMO sumo Version 1.21.0
<sumoConfiguration xmlns:xsi="http://www.w3.org/2001/XMLSchema-instance" xsi:noNamespaceSchemaLocation="http://sumo.dlr.de/xsd/sumoConfiguration.xsd">

    <input>
        <net-file value="Network.net.xml"/>
        <route-files value="Demand.rou.xml"/>
        <additional-files value="Temp_Sensors.add.xml"/>
    </input>

    <output>
        <emission-output value="logs/Emissions_UpStreamALINEA.xml"/>
        <summary-output value="logs/Log_summary_UpStreamALINEA.xml"/>
        <summary-output.period value="300"/>
        <tripinfo-output value="logs/TripInfos_UpStreamALINEA.xml"/>
    </output>

    <time>
        <begin value="0"/>
        <end value="10800"/>
        <step-length value="1"/>
    </time>

    <processing>
        <time-to-teleport value="-1"/>
    </processing>

    <report>
        <verbose value="true"/>
        <no-step-log value="true"/>
    </report>

    <emissions>
        <device.emissions.period value="10"/>
    </emissions>

    <traci_server>
        <remote-port value="61974"/>
    </traci_server>

    <gui_only>
        <quit-on-end value="true"/>
        <start value="true"/>
    </gui_only>

</sumoConfiguration>
-->

<detector xmlns:xsi="http://www.w3.org/2001/XMLSchema-instance" xsi:noNamespaceSchemaLocation="http://sumo.dlr.de/xsd/det_e2_file.xsd">
   <interval begin="0.00" end="10800.00" id="e2_E4_0" sampledSeconds="124635.30" nVehEntered="776" nVehLeft="761" nVehSeen="776" meanSpeed="0.75" meanTimeLoss="150.77" meanOccupancy="44.38" maxOccupancy="63.26" meanMaxJamLengthInVehicles="8.94" meanMaxJamLengthInMeters="79.15" maxJamLengthInVehicles="16" maxJamLengthInMeters="121.87" jamLengthInVehiclesSum="104143" jamLengthInMetersSum="912230.37" meanHaltingDuration="26.21" maxHaltingDuration="314.00" haltingDurationSum="108271.00" meanIntervalHaltingDuration="26.21" maxIntervalHaltingDuration="314.00" intervalHaltingDurationSum="108271.00" startedHalts="4139.00" meanVehicleNumber="11.58" maxVehicleNumber="16" />
</detector>
