<?xml version="1.0" encoding="UTF-8"?>

<!-- generated on 2025-03-19 18:00:14 by Eclipse SUMO sumo Version 1.21.0
<sumoConfiguration xmlns:xsi="http://www.w3.org/2001/XMLSchema-instance" xsi:noNamespaceSchemaLocation="http://sumo.dlr.de/xsd/sumoConfiguration.xsd">

    <input>
        <net-file value="Network.net.xml"/>
        <route-files value="Demand.rou.xml"/>
        <additional-files value="Temp_Sensors.add.xml"/>
    </input>

    <output>
        <emission-output value="logs/Emissions_UpStreamALINEA.xml"/>
        <summary-output value="logs/Log_summary_UpStreamALINEA.xml"/>
        <summary-output.period value="300"/>
        <tripinfo-output value="logs/TripInfos_UpStreamALINEA.xml"/>
    </output>

    <time>
        <begin value="0"/>
        <end value="10800"/>
        <step-length value="1"/>
    </time>

    <processing>
        <time-to-teleport value="-1"/>
    </processing>

    <report>
        <verbose value="true"/>
        <no-step-log value="true"/>
    </report>

    <emissions>
        <device.emissions.period value="10"/>
    </emissions>

    <traci_server>
        <remote-port value="61974"/>
    </traci_server>

    <gui_only>
        <quit-on-end value="true"/>
        <start value="true"/>
    </gui_only>

</sumoConfiguration>
-->

<detector xmlns:xsi="http://www.w3.org/2001/XMLSchema-instance" xsi:noNamespaceSchemaLocation="http://sumo.dlr.de/xsd/det_e2_file.xsd">
   <interval begin="0.00" end="10800.00" id="e2_E2_0" sampledSeconds="186291.22" nVehEntered="680" nVehLeft="662" nVehSeen="680" meanSpeed="0.62" meanTimeLoss="260.04" meanOccupancy="45.67" maxOccupancy="57.77" meanMaxJamLengthInVehicles="15.08" meanMaxJamLengthInMeters="139.04" maxJamLengthInVehicles="22" maxJamLengthInMeters="172.40" jamLengthInVehiclesSum="172700" jamLengthInMetersSum="1575302.68" meanHaltingDuration="60.08" maxHaltingDuration="379.00" haltingDurationSum="175623.00" meanIntervalHaltingDuration="60.08" maxIntervalHaltingDuration="379.00" intervalHaltingDurationSum="175623.00" startedHalts="2923.00" meanVehicleNumber="17.28" maxVehicleNumber="22" />
</detector>
