<?xml version="1.0" encoding="UTF-8"?>

<!-- generated on 2025-03-19 18:00:14 by Eclipse SUMO sumo Version 1.21.0
<sumoConfiguration xmlns:xsi="http://www.w3.org/2001/XMLSchema-instance" xsi:noNamespaceSchemaLocation="http://sumo.dlr.de/xsd/sumoConfiguration.xsd">

    <input>
        <net-file value="Network.net.xml"/>
        <route-files value="Demand.rou.xml"/>
        <additional-files value="Temp_Sensors.add.xml"/>
    </input>

    <output>
        <emission-output value="logs/Emissions_UpStreamALINEA.xml"/>
        <summary-output value="logs/Log_summary_UpStreamALINEA.xml"/>
        <summary-output.period value="300"/>
        <tripinfo-output value="logs/TripInfos_UpStreamALINEA.xml"/>
    </output>

    <time>
        <begin value="0"/>
        <end value="10800"/>
        <step-length value="1"/>
    </time>

    <processing>
        <time-to-teleport value="-1"/>
    </processing>

    <report>
        <verbose value="true"/>
        <no-step-log value="true"/>
    </report>

    <emissions>
        <device.emissions.period value="10"/>
    </emissions>

    <traci_server>
        <remote-port value="61974"/>
    </traci_server>

    <gui_only>
        <quit-on-end value="true"/>
        <start value="true"/>
    </gui_only>

</sumoConfiguration>
-->

<detector xmlns:xsi="http://www.w3.org/2001/XMLSchema-instance" xsi:noNamespaceSchemaLocation="http://sumo.dlr.de/xsd/det_e2_file.xsd">
   <interval begin="0.00" end="10800.00" id="e2_E3_0" sampledSeconds="137538.77" nVehEntered="841" nVehLeft="827" nVehSeen="841" meanSpeed="0.85" meanTimeLoss="152.29" meanOccupancy="42.36" maxOccupancy="56.22" meanMaxJamLengthInVehicles="8.84" meanMaxJamLengthInMeters="83.21" maxJamLengthInVehicles="17" maxJamLengthInMeters="139.81" jamLengthInVehiclesSum="112872" jamLengthInMetersSum="1040913.93" meanHaltingDuration="20.47" maxHaltingDuration="193.00" haltingDurationSum="118667.00" meanIntervalHaltingDuration="20.47" maxIntervalHaltingDuration="193.00" intervalHaltingDurationSum="118667.00" startedHalts="5803.00" meanVehicleNumber="12.77" maxVehicleNumber="18" />
</detector>
