<?xml version="1.0" encoding="UTF-8"?>

<!-- generated on 2025-03-19 18:00:14 by Eclipse SUMO sumo Version 1.21.0
<sumoConfiguration xmlns:xsi="http://www.w3.org/2001/XMLSchema-instance" xsi:noNamespaceSchemaLocation="http://sumo.dlr.de/xsd/sumoConfiguration.xsd">

    <input>
        <net-file value="Network.net.xml"/>
        <route-files value="Demand.rou.xml"/>
        <additional-files value="Temp_Sensors.add.xml"/>
    </input>

    <output>
        <emission-output value="logs/Emissions_UpStreamALINEA.xml"/>
        <summary-output value="logs/Log_summary_UpStreamALINEA.xml"/>
        <summary-output.period value="300"/>
        <tripinfo-output value="logs/TripInfos_UpStreamALINEA.xml"/>
    </output>

    <time>
        <begin value="0"/>
        <end value="10800"/>
        <step-length value="1"/>
    </time>

    <processing>
        <time-to-teleport value="-1"/>
    </processing>

    <report>
        <verbose value="true"/>
        <no-step-log value="true"/>
    </report>

    <emissions>
        <device.emissions.period value="10"/>
    </emissions>

    <traci_server>
        <remote-port value="61974"/>
    </traci_server>

    <gui_only>
        <quit-on-end value="true"/>
        <start value="true"/>
    </gui_only>

</sumoConfiguration>
-->

<detector xmlns:xsi="http://www.w3.org/2001/XMLSchema-instance" xsi:noNamespaceSchemaLocation="http://sumo.dlr.de/xsd/det_e2_file.xsd">
   <interval begin="0.00" end="10800.00" id="e2_E5_0" sampledSeconds="141616.91" nVehEntered="832" nVehLeft="819" nVehSeen="832" meanSpeed="0.89" meanTimeLoss="157.87" meanOccupancy="40.61" maxOccupancy="54.08" meanMaxJamLengthInVehicles="9.50" meanMaxJamLengthInMeters="93.23" maxJamLengthInVehicles="17" maxJamLengthInMeters="151.75" jamLengthInVehiclesSum="120184" jamLengthInMetersSum="1154819.85" meanHaltingDuration="24.11" maxHaltingDuration="197.00" haltingDurationSum="125014.00" meanIntervalHaltingDuration="24.11" maxIntervalHaltingDuration="197.00" intervalHaltingDurationSum="125014.00" startedHalts="5331.00" meanVehicleNumber="13.15" maxVehicleNumber="17" />
</detector>
