<?xml version="1.0" encoding="UTF-8"?>

<!-- generated on 2025-03-19 18:13:17 by Eclipse SUMO sumo Version 1.21.0
<sumoConfiguration xmlns:xsi="http://www.w3.org/2001/XMLSchema-instance" xsi:noNamespaceSchemaLocation="http://sumo.dlr.de/xsd/sumoConfiguration.xsd">

    <input>
        <net-file value="Network.net.xml"/>
        <route-files value="Demand.rou.xml"/>
        <additional-files value="Temp_Sensors.add.xml"/>
    </input>

    <output>
        <emission-output value="logs/Emissions_EqALINEA.xml"/>
        <summary-output value="logs/Log_summary_EqALINEA.xml"/>
        <summary-output.period value="300"/>
        <tripinfo-output value="logs/TripInfos_EqALINEA.xml"/>
    </output>

    <time>
        <begin value="0"/>
        <end value="10800"/>
        <step-length value="1"/>
    </time>

    <processing>
        <time-to-teleport value="-1"/>
    </processing>

    <report>
        <verbose value="true"/>
        <no-step-log value="true"/>
    </report>

    <emissions>
        <device.emissions.period value="10"/>
    </emissions>

    <traci_server>
        <remote-port value="62459"/>
    </traci_server>

    <gui_only>
        <quit-on-end value="true"/>
        <start value="true"/>
    </gui_only>

</sumoConfiguration>
-->

<detector xmlns:xsi="http://www.w3.org/2001/XMLSchema-instance" xsi:noNamespaceSchemaLocation="http://sumo.dlr.de/xsd/det_e2_file.xsd">
   <interval begin="0.00" end="10800.00" id="e2_E5_0" sampledSeconds="151867.45" nVehEntered="718" nVehLeft="702" nVehSeen="718" meanSpeed="0.71" meanTimeLoss="199.19" meanOccupancy="43.59" maxOccupancy="55.92" meanMaxJamLengthInVehicles="12.00" meanMaxJamLengthInMeters="113.36" maxJamLengthInVehicles="18" maxJamLengthInMeters="151.82" jamLengthInVehiclesSum="138592" jamLengthInMetersSum="1295618.98" meanHaltingDuration="47.89" maxHaltingDuration="263.00" haltingDurationSum="141217.00" meanIntervalHaltingDuration="47.89" maxIntervalHaltingDuration="263.00" intervalHaltingDurationSum="141217.00" startedHalts="3096.00" meanVehicleNumber="14.09" maxVehicleNumber="18" />
</detector>
