<?xml version="1.0" encoding="UTF-8"?>

<!-- generated on 2025-03-19 18:13:17 by Eclipse SUMO sumo Version 1.21.0
<sumoConfiguration xmlns:xsi="http://www.w3.org/2001/XMLSchema-instance" xsi:noNamespaceSchemaLocation="http://sumo.dlr.de/xsd/sumoConfiguration.xsd">

    <input>
        <net-file value="Network.net.xml"/>
        <route-files value="Demand.rou.xml"/>
        <additional-files value="Temp_Sensors.add.xml"/>
    </input>

    <output>
        <emission-output value="logs/Emissions_EqALINEA.xml"/>
        <summary-output value="logs/Log_summary_EqALINEA.xml"/>
        <summary-output.period value="300"/>
        <tripinfo-output value="logs/TripInfos_EqALINEA.xml"/>
    </output>

    <time>
        <begin value="0"/>
        <end value="10800"/>
        <step-length value="1"/>
    </time>

    <processing>
        <time-to-teleport value="-1"/>
    </processing>

    <report>
        <verbose value="true"/>
        <no-step-log value="true"/>
    </report>

    <emissions>
        <device.emissions.period value="10"/>
    </emissions>

    <traci_server>
        <remote-port value="62459"/>
    </traci_server>

    <gui_only>
        <quit-on-end value="true"/>
        <start value="true"/>
    </gui_only>

</sumoConfiguration>
-->

<detector xmlns:xsi="http://www.w3.org/2001/XMLSchema-instance" xsi:noNamespaceSchemaLocation="http://sumo.dlr.de/xsd/det_e2_file.xsd">
   <interval begin="0.00" end="10800.00" id="e2_E4_0" sampledSeconds="127704.17" nVehEntered="741" nVehLeft="728" nVehSeen="741" meanSpeed="0.70" meanTimeLoss="162.47" meanOccupancy="45.61" maxOccupancy="61.46" meanMaxJamLengthInVehicles="9.58" meanMaxJamLengthInMeters="83.04" maxJamLengthInVehicles="16" maxJamLengthInMeters="121.87" jamLengthInVehiclesSum="109500" jamLengthInMetersSum="941801.76" meanHaltingDuration="35.74" maxHaltingDuration="282.00" haltingDurationSum="112652.00" meanIntervalHaltingDuration="35.74" maxIntervalHaltingDuration="282.00" intervalHaltingDurationSum="112652.00" startedHalts="3152.00" meanVehicleNumber="11.86" maxVehicleNumber="16" />
</detector>
