<?xml version="1.0" encoding="UTF-8"?>

<!-- generated on 2025-03-19 18:13:17 by Eclipse SUMO sumo Version 1.21.0
<sumoConfiguration xmlns:xsi="http://www.w3.org/2001/XMLSchema-instance" xsi:noNamespaceSchemaLocation="http://sumo.dlr.de/xsd/sumoConfiguration.xsd">

    <input>
        <net-file value="Network.net.xml"/>
        <route-files value="Demand.rou.xml"/>
        <additional-files value="Temp_Sensors.add.xml"/>
    </input>

    <output>
        <emission-output value="logs/Emissions_EqALINEA.xml"/>
        <summary-output value="logs/Log_summary_EqALINEA.xml"/>
        <summary-output.period value="300"/>
        <tripinfo-output value="logs/TripInfos_EqALINEA.xml"/>
    </output>

    <time>
        <begin value="0"/>
        <end value="10800"/>
        <step-length value="1"/>
    </time>

    <processing>
        <time-to-teleport value="-1"/>
    </processing>

    <report>
        <verbose value="true"/>
        <no-step-log value="true"/>
    </report>

    <emissions>
        <device.emissions.period value="10"/>
    </emissions>

    <traci_server>
        <remote-port value="62459"/>
    </traci_server>

    <gui_only>
        <quit-on-end value="true"/>
        <start value="true"/>
    </gui_only>

</sumoConfiguration>
-->

<detector xmlns:xsi="http://www.w3.org/2001/XMLSchema-instance" xsi:noNamespaceSchemaLocation="http://sumo.dlr.de/xsd/det_e2_file.xsd">
   <interval begin="0.00" end="10800.00" id="e2_E4b_0" sampledSeconds="172562.42" nVehEntered="773" nVehLeft="755" nVehSeen="773" meanSpeed="0.76" meanTimeLoss="209.49" meanOccupancy="43.80" maxOccupancy="58.09" meanMaxJamLengthInVehicles="13.21" meanMaxJamLengthInMeters="126.45" maxJamLengthInVehicles="21" maxJamLengthInMeters="167.68" jamLengthInVehiclesSum="154678" jamLengthInMetersSum="1464434.03" meanHaltingDuration="41.31" maxHaltingDuration="268.00" haltingDurationSum="158471.00" meanIntervalHaltingDuration="41.31" maxIntervalHaltingDuration="268.00" intervalHaltingDurationSum="158471.00" startedHalts="3957.00" meanVehicleNumber="16.01" maxVehicleNumber="21" />
</detector>
