<?xml version="1.0" encoding="UTF-8"?>

<!-- generated on 2025-03-19 18:13:17 by Eclipse SUMO sumo Version 1.21.0
<sumoConfiguration xmlns:xsi="http://www.w3.org/2001/XMLSchema-instance" xsi:noNamespaceSchemaLocation="http://sumo.dlr.de/xsd/sumoConfiguration.xsd">

    <input>
        <net-file value="Network.net.xml"/>
        <route-files value="Demand.rou.xml"/>
        <additional-files value="Temp_Sensors.add.xml"/>
    </input>

    <output>
        <emission-output value="logs/Emissions_EqALINEA.xml"/>
        <summary-output value="logs/Log_summary_EqALINEA.xml"/>
        <summary-output.period value="300"/>
        <tripinfo-output value="logs/TripInfos_EqALINEA.xml"/>
    </output>

    <time>
        <begin value="0"/>
        <end value="10800"/>
        <step-length value="1"/>
    </time>

    <processing>
        <time-to-teleport value="-1"/>
    </processing>

    <report>
        <verbose value="true"/>
        <no-step-log value="true"/>
    </report>

    <emissions>
        <device.emissions.period value="10"/>
    </emissions>

    <traci_server>
        <remote-port value="62459"/>
    </traci_server>

    <gui_only>
        <quit-on-end value="true"/>
        <start value="true"/>
    </gui_only>

</sumoConfiguration>
-->

<detector xmlns:xsi="http://www.w3.org/2001/XMLSchema-instance" xsi:noNamespaceSchemaLocation="http://sumo.dlr.de/xsd/det_e2_file.xsd">
   <interval begin="0.00" end="10800.00" id="e2_E2_0" sampledSeconds="178350.11" nVehEntered="745" nVehLeft="727" nVehSeen="745" meanSpeed="0.71" meanTimeLoss="225.42" meanOccupancy="43.81" maxOccupancy="55.82" meanMaxJamLengthInVehicles="13.77" meanMaxJamLengthInMeters="132.02" maxJamLengthInVehicles="22" maxJamLengthInMeters="172.38" jamLengthInVehiclesSum="162155" jamLengthInMetersSum="1530039.73" meanHaltingDuration="45.82" maxHaltingDuration="270.00" haltingDurationSum="165773.00" meanIntervalHaltingDuration="45.82" maxIntervalHaltingDuration="270.00" intervalHaltingDurationSum="165773.00" startedHalts="3618.00" meanVehicleNumber="16.55" maxVehicleNumber="22" />
</detector>
