<?xml version="1.0" encoding="UTF-8"?>

<!-- generated on 2025-03-19 18:29:59 by Eclipse SUMO sumo Version 1.21.0
<sumoConfiguration xmlns:xsi="http://www.w3.org/2001/XMLSchema-instance" xsi:noNamespaceSchemaLocation="http://sumo.dlr.de/xsd/sumoConfiguration.xsd">

    <input>
        <net-file value="Network.net.xml"/>
        <route-files value="Demand.rou.xml"/>
        <additional-files value="Temp_Sensors.add.xml"/>
    </input>

    <output>
        <emission-output value="logs/Emissions_EqDownALINEA.xml"/>
        <summary-output value="logs/Log_summary_EqDownALINEA.xml"/>
        <summary-output.period value="300"/>
        <tripinfo-output value="logs/TripInfos_EqDownALINEA.xml"/>
    </output>

    <time>
        <begin value="0"/>
        <end value="10800"/>
        <step-length value="1"/>
    </time>

    <processing>
        <time-to-teleport value="-1"/>
    </processing>

    <report>
        <verbose value="true"/>
        <no-step-log value="true"/>
    </report>

    <emissions>
        <device.emissions.period value="10"/>
    </emissions>

    <traci_server>
        <remote-port value="63120"/>
    </traci_server>

    <gui_only>
        <quit-on-end value="true"/>
        <start value="true"/>
    </gui_only>

</sumoConfiguration>
-->

<detector xmlns:xsi="http://www.w3.org/2001/XMLSchema-instance" xsi:noNamespaceSchemaLocation="http://sumo.dlr.de/xsd/det_e2_file.xsd">
   <interval begin="0.00" end="10800.00" id="e2_E4b_0" sampledSeconds="170467.07" nVehEntered="795" nVehLeft="777" nVehSeen="795" meanSpeed="0.79" meanTimeLoss="200.67" meanOccupancy="43.21" maxOccupancy="56.66" meanMaxJamLengthInVehicles="12.54" meanMaxJamLengthInMeters="120.15" maxJamLengthInVehicles="22" maxJamLengthInMeters="167.68" jamLengthInVehiclesSum="149906" jamLengthInMetersSum="1417565.03" meanHaltingDuration="34.29" maxHaltingDuration="258.00" haltingDurationSum="154358.00" meanIntervalHaltingDuration="34.29" maxIntervalHaltingDuration="258.00" intervalHaltingDurationSum="154358.00" startedHalts="4625.00" meanVehicleNumber="15.82" maxVehicleNumber="22" />
</detector>
