<?xml version="1.0" encoding="UTF-8"?>

<!-- generated on 2025-03-19 18:29:59 by Eclipse SUMO sumo Version 1.21.0
<sumoConfiguration xmlns:xsi="http://www.w3.org/2001/XMLSchema-instance" xsi:noNamespaceSchemaLocation="http://sumo.dlr.de/xsd/sumoConfiguration.xsd">

    <input>
        <net-file value="Network.net.xml"/>
        <route-files value="Demand.rou.xml"/>
        <additional-files value="Temp_Sensors.add.xml"/>
    </input>

    <output>
        <emission-output value="logs/Emissions_EqDownALINEA.xml"/>
        <summary-output value="logs/Log_summary_EqDownALINEA.xml"/>
        <summary-output.period value="300"/>
        <tripinfo-output value="logs/TripInfos_EqDownALINEA.xml"/>
    </output>

    <time>
        <begin value="0"/>
        <end value="10800"/>
        <step-length value="1"/>
    </time>

    <processing>
        <time-to-teleport value="-1"/>
    </processing>

    <report>
        <verbose value="true"/>
        <no-step-log value="true"/>
    </report>

    <emissions>
        <device.emissions.period value="10"/>
    </emissions>

    <traci_server>
        <remote-port value="63120"/>
    </traci_server>

    <gui_only>
        <quit-on-end value="true"/>
        <start value="true"/>
    </gui_only>

</sumoConfiguration>
-->

<detector xmlns:xsi="http://www.w3.org/2001/XMLSchema-instance" xsi:noNamespaceSchemaLocation="http://sumo.dlr.de/xsd/det_e2_file.xsd">
   <interval begin="0.00" end="10800.00" id="e2_E4_0" sampledSeconds="117349.47" nVehEntered="913" nVehLeft="898" nVehSeen="913" meanSpeed="0.94" meanTimeLoss="118.67" meanOccupancy="41.55" maxOccupancy="63.26" meanMaxJamLengthInVehicles="7.71" meanMaxJamLengthInMeters="66.25" maxJamLengthInVehicles="16" maxJamLengthInMeters="121.88" jamLengthInVehiclesSum="89253" jamLengthInMetersSum="757256.79" meanHaltingDuration="22.74" maxHaltingDuration="286.00" haltingDurationSum="93359.00" meanIntervalHaltingDuration="22.74" maxIntervalHaltingDuration="286.00" intervalHaltingDurationSum="93359.00" startedHalts="4107.00" meanVehicleNumber="10.91" maxVehicleNumber="16" />
</detector>
