<?xml version="1.0" encoding="UTF-8"?>

<!-- generated on 2025-03-19 18:29:59 by Eclipse SUMO sumo Version 1.21.0
<sumoConfiguration xmlns:xsi="http://www.w3.org/2001/XMLSchema-instance" xsi:noNamespaceSchemaLocation="http://sumo.dlr.de/xsd/sumoConfiguration.xsd">

    <input>
        <net-file value="Network.net.xml"/>
        <route-files value="Demand.rou.xml"/>
        <additional-files value="Temp_Sensors.add.xml"/>
    </input>

    <output>
        <emission-output value="logs/Emissions_EqDownALINEA.xml"/>
        <summary-output value="logs/Log_summary_EqDownALINEA.xml"/>
        <summary-output.period value="300"/>
        <tripinfo-output value="logs/TripInfos_EqDownALINEA.xml"/>
    </output>

    <time>
        <begin value="0"/>
        <end value="10800"/>
        <step-length value="1"/>
    </time>

    <processing>
        <time-to-teleport value="-1"/>
    </processing>

    <report>
        <verbose value="true"/>
        <no-step-log value="true"/>
    </report>

    <emissions>
        <device.emissions.period value="10"/>
    </emissions>

    <traci_server>
        <remote-port value="63120"/>
    </traci_server>

    <gui_only>
        <quit-on-end value="true"/>
        <start value="true"/>
    </gui_only>

</sumoConfiguration>
-->

<detector xmlns:xsi="http://www.w3.org/2001/XMLSchema-instance" xsi:noNamespaceSchemaLocation="http://sumo.dlr.de/xsd/det_e2_file.xsd">
   <interval begin="0.00" end="10800.00" id="e2_E2_0" sampledSeconds="178397.93" nVehEntered="744" nVehLeft="726" nVehSeen="744" meanSpeed="0.71" meanTimeLoss="225.80" meanOccupancy="43.80" maxOccupancy="56.49" meanMaxJamLengthInVehicles="13.83" meanMaxJamLengthInMeters="132.31" maxJamLengthInVehicles="21" maxJamLengthInMeters="172.37" jamLengthInVehiclesSum="161497" jamLengthInMetersSum="1521074.50" meanHaltingDuration="44.40" maxHaltingDuration="262.00" haltingDurationSum="165218.00" meanIntervalHaltingDuration="44.40" maxIntervalHaltingDuration="262.00" intervalHaltingDurationSum="165218.00" startedHalts="3723.00" meanVehicleNumber="16.55" maxVehicleNumber="21" />
</detector>
