<?xml version="1.0" encoding="UTF-8"?>

<!-- generated on 2025-03-19 18:29:59 by Eclipse SUMO sumo Version 1.21.0
<sumoConfiguration xmlns:xsi="http://www.w3.org/2001/XMLSchema-instance" xsi:noNamespaceSchemaLocation="http://sumo.dlr.de/xsd/sumoConfiguration.xsd">

    <input>
        <net-file value="Network.net.xml"/>
        <route-files value="Demand.rou.xml"/>
        <additional-files value="Temp_Sensors.add.xml"/>
    </input>

    <output>
        <emission-output value="logs/Emissions_EqDownALINEA.xml"/>
        <summary-output value="logs/Log_summary_EqDownALINEA.xml"/>
        <summary-output.period value="300"/>
        <tripinfo-output value="logs/TripInfos_EqDownALINEA.xml"/>
    </output>

    <time>
        <begin value="0"/>
        <end value="10800"/>
        <step-length value="1"/>
    </time>

    <processing>
        <time-to-teleport value="-1"/>
    </processing>

    <report>
        <verbose value="true"/>
        <no-step-log value="true"/>
    </report>

    <emissions>
        <device.emissions.period value="10"/>
    </emissions>

    <traci_server>
        <remote-port value="63120"/>
    </traci_server>

    <gui_only>
        <quit-on-end value="true"/>
        <start value="true"/>
    </gui_only>

</sumoConfiguration>
-->

<detector xmlns:xsi="http://www.w3.org/2001/XMLSchema-instance" xsi:noNamespaceSchemaLocation="http://sumo.dlr.de/xsd/det_e2_file.xsd">
   <interval begin="0.00" end="10800.00" id="e2_E5_0" sampledSeconds="151131.84" nVehEntered="726" nVehLeft="710" nVehSeen="726" meanSpeed="0.72" meanTimeLoss="195.84" meanOccupancy="43.37" maxOccupancy="55.92" meanMaxJamLengthInVehicles="11.84" meanMaxJamLengthInMeters="111.80" maxJamLengthInVehicles="18" maxJamLengthInMeters="151.80" jamLengthInVehiclesSum="137198" jamLengthInMetersSum="1281962.88" meanHaltingDuration="45.44" maxHaltingDuration="266.00" haltingDurationSum="139924.00" meanIntervalHaltingDuration="45.44" maxIntervalHaltingDuration="266.00" intervalHaltingDurationSum="139924.00" startedHalts="3239.00" meanVehicleNumber="14.03" maxVehicleNumber="19" />
</detector>
