<?xml version="1.0" encoding="UTF-8"?>

<!-- generated on 2025-03-19 18:29:59 by Eclipse SUMO sumo Version 1.21.0
<sumoConfiguration xmlns:xsi="http://www.w3.org/2001/XMLSchema-instance" xsi:noNamespaceSchemaLocation="http://sumo.dlr.de/xsd/sumoConfiguration.xsd">

    <input>
        <net-file value="Network.net.xml"/>
        <route-files value="Demand.rou.xml"/>
        <additional-files value="Temp_Sensors.add.xml"/>
    </input>

    <output>
        <emission-output value="logs/Emissions_EqDownALINEA.xml"/>
        <summary-output value="logs/Log_summary_EqDownALINEA.xml"/>
        <summary-output.period value="300"/>
        <tripinfo-output value="logs/TripInfos_EqDownALINEA.xml"/>
    </output>

    <time>
        <begin value="0"/>
        <end value="10800"/>
        <step-length value="1"/>
    </time>

    <processing>
        <time-to-teleport value="-1"/>
    </processing>

    <report>
        <verbose value="true"/>
        <no-step-log value="true"/>
    </report>

    <emissions>
        <device.emissions.period value="10"/>
    </emissions>

    <traci_server>
        <remote-port value="63120"/>
    </traci_server>

    <gui_only>
        <quit-on-end value="true"/>
        <start value="true"/>
    </gui_only>

</sumoConfiguration>
-->

<summary xmlns:xsi="http://www.w3.org/2001/XMLSchema-instance" xsi:noNamespaceSchemaLocation="http://sumo.dlr.de/xsd/summary_file.xsd">
    <step time="0.00" loaded="11" inserted="4" running="4" waiting="7" ended="0" arrived="0" collisions="0" teleports="0" halting="4" stopped="0" meanWaitingTime="0.00" meanTravelTime="-1.00" meanSpeed="0.00" meanSpeedRelative="0.00" duration="1"/>
    <step time="300.00" loaded="2999" inserted="479" running="322" waiting="2520" ended="157" arrived="157" collisions="0" teleports="0" halting="2" stopped="0" meanWaitingTime="66.82" meanTravelTime="114.50" meanSpeed="11.32" meanSpeedRelative="0.53" duration="4"/>
    <step time="600.00" loaded="5942" inserted="874" running="436" waiting="5068" ended="438" arrived="438" collisions="0" teleports="0" halting="7" stopped="0" meanWaitingTime="148.32" meanTravelTime="190.69" meanSpeed="8.94" meanSpeedRelative="0.41" duration="13"/>
    <step time="900.00" loaded="9280" inserted="1227" running="488" waiting="8053" ended="739" arrived="739" collisions="0" teleports="0" halting="22" stopped="0" meanWaitingTime="241.01" meanTravelTime="260.99" meanSpeed="7.99" meanSpeedRelative="0.37" duration="7"/>
    <step time="1200.00" loaded="12524" inserted="1548" running="521" waiting="10976" ended="1027" arrived="1027" collisions="0" teleports="0" halting="14" stopped="0" meanWaitingTime="346.03" meanTravelTime="314.31" meanSpeed="7.54" meanSpeedRelative="0.34" duration="13"/>
    <step time="1500.00" loaded="16088" inserted="1861" running="548" waiting="14227" ended="1313" arrived="1313" collisions="0" teleports="0" halting="13" stopped="0" meanWaitingTime="451.94" meanTravelTime="352.91" meanSpeed="6.88" meanSpeedRelative="0.31" duration="9"/>
    <step time="1800.00" loaded="19581" inserted="2172" running="587" waiting="17409" ended="1585" arrived="1585" collisions="0" teleports="0" halting="22" stopped="0" meanWaitingTime="558.30" meanTravelTime="381.89" meanSpeed="6.48" meanSpeedRelative="0.30" duration="15"/>
    <step time="2100.00" loaded="23409" inserted="2460" running="590" waiting="20949" ended="1870" arrived="1870" collisions="0" teleports="0" halting="18" stopped="0" meanWaitingTime="666.29" meanTravelTime="409.49" meanSpeed="6.38" meanSpeedRelative="0.29" duration="10"/>
    <step time="2400.00" loaded="27234" inserted="2733" running="585" waiting="24501" ended="2148" arrived="2148" collisions="0" teleports="0" halting="22" stopped="0" meanWaitingTime="770.28" meanTravelTime="436.62" meanSpeed="6.38" meanSpeedRelative="0.29" duration="20"/>
    <step time="2700.00" loaded="31360" inserted="3005" running="564" waiting="28355" ended="2441" arrived="2441" collisions="0" teleports="0" halting="23" stopped="0" meanWaitingTime="880.80" meanTravelTime="459.10" meanSpeed="6.48" meanSpeedRelative="0.30" duration="11"/>
    <step time="3000.00" loaded="35569" inserted="3281" running="551" waiting="32288" ended="2730" arrived="2730" collisions="0" teleports="0" halting="17" stopped="0" meanWaitingTime="995.59" meanTravelTime="475.57" meanSpeed="6.67" meanSpeedRelative="0.31" duration="11"/>
    <step time="3300.00" loaded="40055" inserted="3546" running="544" waiting="36509" ended="3002" arrived="3002" collisions="0" teleports="0" halting="18" stopped="0" meanWaitingTime="1106.73" meanTravelTime="488.21" meanSpeed="7.11" meanSpeedRelative="0.33" duration="12"/>
    <step time="3600.00" loaded="44403" inserted="3807" running="516" waiting="40596" ended="3291" arrived="3291" collisions="0" teleports="0" halting="22" stopped="0" meanWaitingTime="1216.96" meanTravelTime="498.24" meanSpeed="7.06" meanSpeedRelative="0.32" duration="19"/>
    <step time="3900.00" loaded="49094" inserted="4071" running="490" waiting="45023" ended="3581" arrived="3581" collisions="0" teleports="0" halting="20" stopped="0" meanWaitingTime="1330.24" meanTravelTime="504.85" meanSpeed="7.40" meanSpeedRelative="0.34" duration="15"/>
    <step time="4200.00" loaded="53622" inserted="4342" running="494" waiting="49280" ended="3848" arrived="3848" collisions="0" teleports="0" halting="22" stopped="0" meanWaitingTime="1448.46" meanTravelTime="508.62" meanSpeed="7.59" meanSpeedRelative="0.35" duration="15"/>
    <step time="4500.00" loaded="58505" inserted="4647" running="512" waiting="53858" ended="4135" arrived="4135" collisions="0" teleports="0" halting="18" stopped="0" meanWaitingTime="1579.85" meanTravelTime="509.21" meanSpeed="7.09" meanSpeedRelative="0.32" duration="15"/>
    <step time="4800.00" loaded="63326" inserted="4963" running="541" waiting="58363" ended="4422" arrived="4422" collisions="0" teleports="0" halting="13" stopped="0" meanWaitingTime="1709.43" meanTravelTime="507.90" meanSpeed="6.90" meanSpeedRelative="0.32" duration="32"/>
    <step time="5100.00" loaded="68361" inserted="5269" running="567" waiting="63092" ended="4702" arrived="4702" collisions="0" teleports="0" halting="15" stopped="0" meanWaitingTime="1836.22" meanTravelTime="509.04" meanSpeed="6.62" meanSpeedRelative="0.30" duration="17"/>
    <step time="5400.00" loaded="73498" inserted="5566" running="568" waiting="67932" ended="4998" arrived="4998" collisions="0" teleports="0" halting="16" stopped="0" meanWaitingTime="1959.84" meanTravelTime="512.05" meanSpeed="6.53" meanSpeedRelative="0.30" duration="24"/>
    <step time="5700.00" loaded="78701" inserted="5857" running="582" waiting="72844" ended="5275" arrived="5275" collisions="0" teleports="0" halting="17" stopped="0" meanWaitingTime="2081.02" meanTravelTime="516.57" meanSpeed="6.52" meanSpeedRelative="0.30" duration="19"/>
    <step time="6000.00" loaded="83941" inserted="6132" running="566" waiting="77809" ended="5566" arrived="5566" collisions="0" teleports="0" halting="14" stopped="0" meanWaitingTime="2193.77" meanTravelTime="520.38" meanSpeed="6.59" meanSpeedRelative="0.30" duration="21"/>
    <step time="6300.00" loaded="89167" inserted="6428" running="570" waiting="82739" ended="5858" arrived="5858" collisions="0" teleports="0" halting="21" stopped="0" meanWaitingTime="2314.41" meanTravelTime="522.88" meanSpeed="6.60" meanSpeedRelative="0.30" duration="21"/>
    <step time="6600.00" loaded="94447" inserted="6714" running="566" waiting="87733" ended="6148" arrived="6148" collisions="0" teleports="0" halting="14" stopped="0" meanWaitingTime="2436.38" meanTravelTime="526.97" meanSpeed="6.45" meanSpeedRelative="0.29" duration="29"/>
    <step time="6900.00" loaded="99654" inserted="7001" running="577" waiting="92653" ended="6424" arrived="6424" collisions="0" teleports="0" halting="13" stopped="0" meanWaitingTime="2558.37" meanTravelTime="530.86" meanSpeed="6.58" meanSpeedRelative="0.30" duration="22"/>
    <step time="7200.00" loaded="104829" inserted="7278" running="577" waiting="97551" ended="6701" arrived="6701" collisions="0" teleports="0" halting="21" stopped="0" meanWaitingTime="2677.20" meanTravelTime="533.69" meanSpeed="6.62" meanSpeedRelative="0.30" duration="30"/>
    <step time="7500.00" loaded="109742" inserted="7543" running="567" waiting="102199" ended="6976" arrived="6976" collisions="0" teleports="0" halting="22" stopped="0" meanWaitingTime="2794.16" meanTravelTime="536.99" meanSpeed="6.56" meanSpeedRelative="0.30" duration="25"/>
    <step time="7800.00" loaded="114761" inserted="7818" running="556" waiting="106943" ended="7262" arrived="7262" collisions="0" teleports="0" halting="20" stopped="0" meanWaitingTime="2916.32" meanTravelTime="541.15" meanSpeed="6.88" meanSpeedRelative="0.32" duration="26"/>
    <step time="8100.00" loaded="119885" inserted="8094" running="531" waiting="111791" ended="7563" arrived="7563" collisions="0" teleports="0" halting="16" stopped="0" meanWaitingTime="3041.13" meanTravelTime="543.29" meanSpeed="7.27" meanSpeedRelative="0.33" duration="26"/>
    <step time="8400.00" loaded="124954" inserted="8379" running="534" waiting="116575" ended="7845" arrived="7845" collisions="0" teleports="0" halting="22" stopped="0" meanWaitingTime="3169.45" meanTravelTime="544.68" meanSpeed="7.13" meanSpeedRelative="0.33" duration="27"/>
    <step time="8700.00" loaded="129895" inserted="8663" running="541" waiting="121232" ended="8122" arrived="8122" collisions="0" teleports="0" halting="28" stopped="0" meanWaitingTime="3296.17" meanTravelTime="546.16" meanSpeed="6.91" meanSpeedRelative="0.32" duration="28"/>
    <step time="9000.00" loaded="134771" inserted="8938" running="535" waiting="125833" ended="8403" arrived="8403" collisions="0" teleports="0" halting="20" stopped="0" meanWaitingTime="3420.44" meanTravelTime="546.94" meanSpeed="6.96" meanSpeedRelative="0.32" duration="35"/>
    <step time="9300.00" loaded="139533" inserted="9221" running="540" waiting="130312" ended="8681" arrived="8681" collisions="0" teleports="0" halting="21" stopped="0" meanWaitingTime="3548.44" meanTravelTime="547.73" meanSpeed="6.95" meanSpeedRelative="0.32" duration="35"/>
    <step time="9600.00" loaded="144436" inserted="9493" running="520" waiting="134943" ended="8973" arrived="8973" collisions="0" teleports="0" halting="21" stopped="0" meanWaitingTime="3670.98" meanTravelTime="548.19" meanSpeed="7.11" meanSpeedRelative="0.32" duration="36"/>
    <step time="9900.00" loaded="149225" inserted="9759" running="505" waiting="139466" ended="9254" arrived="9254" collisions="0" teleports="0" halting="29" stopped="0" meanWaitingTime="3790.71" meanTravelTime="548.61" meanSpeed="7.22" meanSpeedRelative="0.33" duration="31"/>
    <step time="10200.00" loaded="153925" inserted="10017" running="488" waiting="143908" ended="9529" arrived="9529" collisions="0" teleports="0" halting="23" stopped="0" meanWaitingTime="3910.64" meanTravelTime="549.56" meanSpeed="7.72" meanSpeedRelative="0.35" duration="32"/>
    <step time="10500.00" loaded="158444" inserted="10290" running="484" waiting="148154" ended="9806" arrived="9806" collisions="0" teleports="0" halting="26" stopped="0" meanWaitingTime="4037.19" meanTravelTime="550.09" meanSpeed="7.53" meanSpeedRelative="0.34" duration="32"/>
</summary>
